"","iter","V2","init","rep1","aux1","mejor","V7"
"1","50","R1","200","1","0.162206954870596","9199.098752634","0.11700701713562"
"2","50","R1","200","2","0.196793447794238","8819.333647443","0.110006093978882"
"3","50","R1","200","3","0.157436204839436","9251.48233461277","0.120007038116455"
"4","50","R1","200","4","0.127843422620937","9576.41571473066","0.112006902694702"
"5","50","R1","200","5","0.166598871720094","9150.87481827841","0.111006021499634"
"6","50","R1","200","6","0.162045186360859","9200.87499618817","0.114006996154785"
"7","50","R1","200","7","0.154134522775798","9287.73532039461","0.135008096694946"
"8","50","R1","200","8","0.133358469698235","9515.8596347006","0.138008117675781"
"9","50","R1","200","9","0.122358131522363","9636.64506945745","0.120006084442139"
"10","50","R1","200","10","0.172976241783162","9080.85029690847","0.119005918502808"
"11","50","R1","200","11","0.130667709240097","9545.404605643","0.115007162094116"
"12","50","R1","200","12","0.166751231027043","9149.20188924342","0.121006965637207"
"13","50","R1","200","13","0.157700719530896","9248.57792190319","0.115006923675537"
"14","50","R1","200","14","0.121299007916324","9648.27441240775","0.117006063461304"
"15","50","R1","200","15","0.154618165574179","9282.42484677684","0.123006820678711"
"16","50","R1","200","16","0.168172566556724","9133.59540268428","0.124006986618042"
"17","50","R1","200","17","0.128246110693218","9571.99413667513","0.106006145477295"
"18","50","R1","200","18","0.165578448090617","9162.07922942942","0.106005907058716"
"19","50","R1","200","19","0.149574965808437","9337.79996948051","0.106005907058716"
"20","50","R1","200","20","0.166079462225575","9156.57801581737","0.121006965637207"
"21","50","R1","200","21","0.127424067740999","9581.02029694268","0.105005979537964"
"22","50","R1","200","22","0.143468954146728","9404.84493313514","0.11100697517395"
"23","50","R1","200","23","0.157133744410104","9254.80339746279","0.109005928039551"
"24","50","R1","200","24","0.161459276058819","9207.30838300128","0.106006145477295"
"25","50","R1","200","25","0.153853066871225","9290.82575027552","0.107006072998047"
"26","50","R1","200","26","0.157111365561777","9255.04912071978","0.106005907058716"
"27","50","R1","200","27","0.173191862186648","9078.48275113296","0.108006000518799"
"28","50","R1","200","28","0.20558939278","8722.75279490768","0.108006000518799"
"29","50","R1","200","29","0.15350815695164","9294.61291517199","0.125006914138794"
"30","50","R1","200","30","0.155767887182762","9269.80072357974","0.109007120132446"
"31","100","R1","200","1","0.155002837243668","9278.20109164359","0.106005907058716"
"32","100","R1","200","2","0.159415864188225","9229.74536514046","0.107006072998047"
"33","100","R1","200","3","0.182597769874391","8975.2044126689","0.106005907058716"
"34","100","R1","200","4","0.168588704182052","9129.02614643139","0.107006072998047"
"35","100","R1","200","5","0.138157699216375","9463.16334349767","0.109006881713867"
"36","100","R1","200","6","0.182394706214325","8977.43408343649","0.109005928039551"
"37","100","R1","200","7","0.144794826999385","9390.2866417099","0.109005928039551"
"38","100","R1","200","8","0.150689876590372","9325.558074608","0.107006072998047"
"39","100","R1","200","9","0.17216796337798","9089.72532029535","0.110006093978882"
"40","100","R1","200","10","0.134149127812664","9507.17808486381","0.10900616645813"
"41","100","R1","200","11","0.197228226564958","8814.55970849631","0.112007141113281"
"42","100","R1","200","12","0.130878554735354","9543.08948910712","0.132007122039795"
"43","100","R1","200","13","0.157756271674387","9247.96795067359","0.126008033752441"
"44","100","R1","200","14","0.169274546040513","9121.49549548919","0.152008056640625"
"45","100","R1","200","15","0.15785424477716","9246.89219067205","0.118007183074951"
"46","100","R1","200","16","0.189035891308324","8904.51283173908","0.10300612449646"
"47","100","R1","200","17","0.177233183900947","9034.10840623103","0.104006052017212"
"48","100","R1","200","18","0.159698969255466","9226.63682719537","0.104006052017212"
"49","100","R1","200","19","0.165718768086734","9160.53849391155","0.104006052017212"
"50","100","R1","200","20","0.157799205067049","9247.49653530295","0.106005907058716"
"51","100","R1","200","21","0.180131979433052","9002.27917761837","0.107006788253784"
"52","100","R1","200","22","0.146938780510446","9366.74569662333","0.110005855560303"
"53","100","R1","200","23","0.15048599261372","9327.7967525801","0.107005834579468"
"54","100","R1","200","24","0.163811611096984","9181.47937613477","0.107006072998047"
"55","100","R1","200","25","0.171064339695827","9101.8432810458","0.119007110595703"
"56","100","R1","200","26","0.155687793600394","9270.68016364902","0.108006000518799"
"57","100","R1","200","27","0.139375655990889","9449.78998749963","0.112005949020386"
"58","100","R1","200","28","0.165729312631699","9160.42271315759","0.113007068634033"
"59","100","R1","200","29","0.191944103274378","8872.58020920796","0.114006042480469"
"60","100","R1","200","30","0.170834215783686","9104.37007761618","0.105005979537964"
"61","200","R1","200","1","0.174239377147614","9066.98087292233","0.106005907058716"
"62","200","R1","200","2","0.157246142712564","9253.5692465111","0.107005834579468"
"63","200","R1","200","3","0.153071750263341","9299.40472890846","0.104006052017212"
"64","200","R1","200","4","0.151260920522123","9319.2879228673","0.106006145477295"
"65","200","R1","200","5","0.156273126986205","9264.2531114664","0.10900616645813"
"66","200","R1","200","6","0.160568227698895","9217.09223344498","0.109007120132446"
"67","200","R1","200","7","0.182450831665184","8976.81781720226","0.120006084442139"
"68","200","R1","200","8","0.159323359996158","9230.76107564654","0.107006072998047"
"69","200","R1","200","9","0.13262980599703","9523.86047617788","0.105005979537964"
"70","200","R1","200","10","0.142809073645553","9412.0905243113","0.106006145477295"
"71","200","R1","200","11","0.127204127027701","9583.43528039606","0.110006093978882"
"72","200","R1","200","12","0.172571152456936","9085.29824110812","0.110007047653198"
"73","200","R1","200","13","0.137693215627792","9468.26344599338","0.113005876541138"
"74","200","R1","200","14","0.145077255933369","9387.18552781378","0.112006902694702"
"75","200","R1","200","15","0.183955067781407","8960.30106922869","0.109005928039551"
"76","200","R1","200","16","0.169451501293338","9119.55249911914","0.107006072998047"
"77","200","R1","200","17","0.146283025136361","9373.94599325846","0.107006788253784"
"78","200","R1","200","18","0.140773315926356","9434.44346267026","0.106005907058716"
"79","200","R1","200","19","0.156136725461639","9265.75082155338","0.110005855560303"
"80","200","R1","200","20","0.138761306512528","9456.53564091957","0.12300705909729"
"81","200","R1","200","21","0.17641354710498","9043.10814652636","0.11100697517395"
"82","200","R1","200","22","0.155446759888522","9273.32675152788","0.111006021499634"
"83","200","R1","200","23","0.16828297901971","9132.38305656081","0.109005928039551"
"84","200","R1","200","24","0.151676555189617","9314.72418917015","0.110006093978882"
"85","200","R1","200","25","0.152920031064227","9301.07062945924","0.111006021499634"
"86","200","R1","200","26","0.133608538193589","9513.11384348515","0.141008138656616"
"87","200","R1","200","27","0.168318924565293","9131.98836884472","0.136008024215698"
"88","200","R1","200","28","0.14682953348954","9367.94524601036","0.133008003234863"
"89","200","R1","200","29","0.149449076742205","9339.18225112975","0.11700701713562"
"90","200","R1","200","30","0.148998598978874","9344.12856747225","0.104005813598633"
"91","400","R1","200","1","0.180653542230828","8996.55233647265","0.102005958557129"
"92","400","R1","200","2","0.137795307867503","9467.14245722361","0.117006063461304"
"93","400","R1","200","3","0.173152345017575","9078.91665583393","0.106005907058716"
"94","400","R1","200","4","0.150111044644985","9331.91373995728","0.109005928039551"
"95","400","R1","200","5","0.17013265947341","9112.07327569866","0.10900616645813"
"96","400","R1","200","6","0.188833184186368","8906.73858766243","0.112006902694702"
"97","400","R1","200","7","0.157132813370285","9254.81362042571","0.107006072998047"
"98","400","R1","200","8","0.193329047843408","8857.37330109205","0.107006072998047"
"99","400","R1","200","9","0.179597357032193","9008.14941524981","0.10900616645813"
"100","400","R1","200","10","0.147291701862348","9362.8705649462","0.10900616645813"
"101","400","R1","200","11","0.147112621353173","9364.83689696357","0.112005949020386"
"102","400","R1","200","12","0.140581515498241","9436.54946138829","0.113007068634033"
"103","400","R1","200","13","0.166476359809215","9152.22001823335","0.12300705909729"
"104","400","R1","200","14","0.174670476858463","9062.24733062881","0.108006000518799"
"105","400","R1","200","15","0.163946383972187","9179.99954887269","0.106005907058716"
"106","400","R1","200","16","0.163155789381935","9188.68040120406","0.106006145477295"
"107","400","R1","200","17","0.181553685884795","8986.66861827693","0.10900616645813"
"108","400","R1","200","18","0.189257901156569","8902.07512886015","0.107006072998047"
"109","400","R1","200","19","0.124607342819977","9611.94837740135","0.107006072998047"
"110","400","R1","200","20","0.109795131672622","9774.58877395459","0.106005907058716"
"111","400","R1","200","21","0.125871476940183","9598.06798692073","0.107005834579468"
"112","400","R1","200","22","0.175751066614304","9050.38228599416","0.107006072998047"
"113","400","R1","200","23","0.162333219383901","9197.71234851714","0.107006072998047"
"114","400","R1","200","24","0.13009834659263","9551.65629661914","0.109006881713867"
"115","400","R1","200","25","0.204499187978685","8734.72341424642","0.119007110595703"
"116","400","R1","200","26","0.148736807394826","9347.00308003626","0.107006072998047"
"117","400","R1","200","27","0.140275492551857","9439.90964123309","0.110005855560303"
"118","400","R1","200","28","0.164639004777412","9172.39446403409","0.109005928039551"
"119","400","R1","200","29","0.164897220345549","9169.55921668444","0.108006000518799"
"120","400","R1","200","30","0.146293615426191","9373.82971021871","0.107006072998047"
"121","800","R1","200","1","0.114786643101978","9719.78119727381","0.108006000518799"
"122","800","R1","200","2","0.199325587437111","8791.53035787684","0.109006881713867"
"123","800","R1","200","3","0.133565836924812","9513.58271009919","0.109005928039551"
"124","800","R1","200","4","0.145649587860526","9380.90123368195","0.111006021499634"
"125","800","R1","200","5","0.144382654709063","9394.81235796384","0.110007047653198"
"126","800","R1","200","6","0.168996672508791","9124.54659035554","0.122006893157959"
"127","800","R1","200","7","0.140445004047773","9438.04837847888","0.107006072998047"
"128","800","R1","200","8","0.173055702618578","9079.97780449974","0.110006093978882"
"129","800","R1","200","9","0.142878674602947","9411.32629490636","0.12500786781311"
"130","800","R1","200","10","0.159170049366711","9232.44445035144","0.121006965637207"
"131","800","R1","200","11","0.143164675734868","9408.18595771784","0.132007122039795"
"132","800","R1","200","12","0.172210628566293","9089.25684985045","0.108006954193115"
"133","800","R1","200","13","0.12205900685691","9639.92950509801","0.121006965637207"
"134","800","R1","200","14","0.104514244855385","9832.5737376824","0.104006052017212"
"135","800","R1","200","15","0.161885699575639","9202.62618605004","0.10300612449646"
"136","800","R1","200","16","0.131795228676244","9533.02426577395","0.105005979537964"
"137","800","R1","200","17","0.163199310442652","9188.20253314622","0.120007038116455"
"138","800","R1","200","18","0.169582254440862","9118.11680909608","0.107006072998047"
"139","800","R1","200","19","0.15842799294217","9240.59234602695","0.108006000518799"
"140","800","R1","200","20","0.156845414503359","9257.96930496334","0.110007047653198"
"141","800","R1","200","21","0.135173003583904","9495.93576865598","0.108006000518799"
"142","800","R1","200","22","0.150741195589271","9324.99458396852","0.108006000518799"
"143","800","R1","200","23","0.133432277220184","9515.0492165585","0.11100697517395"
"144","800","R1","200","24","0.149973541537807","9333.42354559374","0.109005928039551"
"145","800","R1","200","25","0.126539048391647","9590.73794790673","0.109005928039551"
"146","800","R1","200","26","0.160609780868624","9216.63597313815","0.113006830215454"
"147","800","R1","200","27","0.113770657172793","9730.9368817811","0.110006093978882"
"148","800","R1","200","28","0.153345446759614","9296.39949854507","0.120007038116455"
"149","800","R1","200","29","0.16074605212711","9215.13969339312","0.106005907058716"
"150","800","R1","200","30","0.159712777727573","9226.48520801057","0.110007047653198"
"151","1600","R1","200","1","0.178615573621534","9018.92955075087","0.109005928039551"
"152","1600","R1","200","2","0.182285787042685","8978.63003298728","0.110006093978882"
"153","1600","R1","200","3","0.145520226561301","9382.32164099287","0.109005928039551"
"154","1600","R1","200","4","0.158545966173264","9239.29698148637","0.108006000518799"
"155","1600","R1","200","5","0.139358875657955","9449.97423818142","0.108006000518799"
"156","1600","R1","200","6","0.163110103589522","9189.18203835472","0.108006954193115"
"157","1600","R1","200","7","0.128911997878515","9564.68259116724","0.11400580406189"
"158","1600","R1","200","8","0.140621210165066","9436.11360773422","0.124007940292358"
"159","1600","R1","200","9","0.163123721136392","9189.03251555891","0.115005970001221"
"160","1600","R1","200","10","0.133999825855391","9508.81744372086","0.112006902694702"
"161","1600","R1","200","11","0.128349705337713","9570.8566512657","0.110005855560303"
"162","1600","R1","200","12","0.160904442317261","9213.40054431672","0.107006072998047"
"163","1600","R1","200","13","0.140115232620909","9441.66932035606","0.10300612449646"
"164","1600","R1","200","14","0.180794801087233","8995.00129212189","0.106007099151611"
"165","1600","R1","200","15","0.160146854350138","9221.71897876051","0.108006000518799"
"166","1600","R1","200","16","0.140958677157555","9432.4081673421","0.110006093978882"
"167","1600","R1","200","17","0.146269334632961","9374.09631712839","0.109006881713867"
"168","1600","R1","200","18","0.124199085399417","9616.43110777261","0.110006093978882"
"169","1600","R1","200","19","0.158986763356095","9234.45695943281","0.120007038116455"
"170","1600","R1","200","20","0.16192450188799","9202.20013058776","0.109005928039551"
"171","1600","R1","200","21","0.155546709816434","9272.22928567693","0.126007080078125"
"172","1600","R1","200","22","0.170352918783124","9109.65479400676","0.106005907058716"
"173","1600","R1","200","23","0.158898440473644","9235.42675850492","0.106005907058716"
"174","1600","R1","200","24","0.176222892557494","9045.20156329576","0.119006872177124"
"175","1600","R1","200","25","0.149058861591905","9343.46687454988","0.137008190155029"
"176","1600","R1","200","26","0.152462253795858","9306.09709550944","0.106005907058716"
"177","1600","R1","200","27","0.176749457622448","9039.41979647357","0.121006965637207"
"178","1600","R1","200","28","0.133432064215085","9515.05155538782","0.10300612449646"
"179","1600","R1","200","29","0.175984421541177","9047.82001237635","0.11700701713562"
"180","1600","R1","200","30","0.157029962432324","9255.942939821","0.103005886077881"
"181","50","R1","400","1","0.169648170325948","9117.3930423618","0.172009944915771"
"182","50","R1","400","2","0.144484058907416","9393.69892399586","0.175009965896606"
"183","50","R1","400","3","0.160015696415247","9223.15911341223","0.176009893417358"
"184","50","R1","400","4","0.15529917850724","9274.94721819128","0.175009965896606"
"185","50","R1","400","5","0.141637209655001","9424.95777432778","0.173009872436523"
"186","50","R1","400","6","0.133264716368566","9516.88906093304","0.17101001739502"
"187","50","R1","400","7","0.150245535864623","9330.43700531738","0.174009799957275"
"188","50","R1","400","8","0.146810740882904","9368.15159177232","0.173010110855103"
"189","50","R1","400","9","0.167405312583916","9142.01997138324","0.178010940551758"
"190","50","R1","400","10","0.192883078308327","8862.27011638281","0.173010110855103"
"191","50","R1","400","11","0.166337369481775","9153.74615378104","0.178009986877441"
"192","50","R1","400","12","0.158179439529891","9243.32150139312","0.188010931015015"
"193","50","R1","400","13","0.170939987916454","9103.20868304473","0.176009893417358"
"194","50","R1","400","14","0.159286211505284","9231.16897189019","0.178010225296021"
"195","50","R1","400","15","0.161450224348552","9207.40777219664","0.183011054992676"
"196","50","R1","400","16","0.122554148732122","9634.49276981701","0.181010007858276"
"197","50","R1","400","17","0.14917671260913","9342.17285193672","0.178010225296021"
"198","50","R1","400","18","0.161477947606094","9207.10336649005","0.19101095199585"
"199","50","R1","400","19","0.159078468635626","9233.45002111141","0.195010900497437"
"200","50","R1","400","20","0.157985614685337","9245.44972852049","0.192010879516602"
"201","50","R1","400","21","0.169436178980154","9119.7207405159","0.173010110855103"
"202","50","R1","400","22","0.144882588425634","9389.32300751476","0.190010786056519"
"203","50","R1","400","23","0.138260796204666","9462.03132243124","0.183010101318359"
"204","50","R1","400","24","0.15945918574948","9229.26968761793","0.179011106491089"
"205","50","R1","400","25","0.159432306295511","9229.56482822923","0.170008897781372"
"206","50","R1","400","26","0.146222315029835","9374.61259972942","0.179011106491089"
"207","50","R1","400","27","0.166371011668937","9153.37675730089","0.184010028839111"
"208","50","R1","400","28","0.142218036578064","9418.5802038114","0.177011013031006"
"209","50","R1","400","29","0.118998877245934","9673.53020714596","0.179009914398193"
"210","50","R1","400","30","0.150319193498149","9329.62823297362","0.190011024475098"
"211","100","R1","400","1","0.163882970773243","9180.69583572145","0.185011148452759"
"212","100","R1","400","2","0.162713123847088","9193.54093805517","0.179010152816772"
"213","100","R1","400","3","0.170639031413588","9106.51323254679","0.174010038375854"
"214","100","R1","400","4","0.120774879857883","9654.02942051704","0.175009965896606"
"215","100","R1","400","5","0.122577637967434","9634.23485433714","0.189010858535767"
"216","100","R1","400","6","0.171747349656207","9094.34372478772","0.179009914398193"
"217","100","R1","400","7","0.119018053715241","9673.31964651179","0.177010059356689"
"218","100","R1","400","8","0.14285762453036","9411.55742799777","0.180010080337524"
"219","100","R1","400","9","0.149963940007794","9333.52897189595","0.178009986877441"
"220","100","R1","400","10","0.149084970515536","9343.1801944823","0.177011013031006"
"221","100","R1","400","11","0.121415220747498","9646.99837733381","0.186009883880615"
"222","100","R1","400","12","0.161144057877964","9210.76952795966","0.181010961532593"
"223","100","R1","400","13","0.173163102682483","9078.79853498964","0.176009893417358"
"224","100","R1","400","14","0.148566617097261","9348.87179613882","0.192010879516602"
"225","100","R1","400","15","0.151311879221544","9318.72838837246","0.196011066436768"
"226","100","R1","400","16","0.165031964120259","9168.07970895032","0.19701099395752"
"227","100","R1","400","17","0.122146023452575","9638.97404925926","0.170010089874268"
"228","100","R1","400","18","0.153062453450993","9299.50680936302","0.186010122299194"
"229","100","R1","400","19","0.142441011741222","9416.13190162365","0.172008991241455"
"230","100","R1","400","20","0.153455523687329","9295.19083665138","0.193011045455933"
"231","100","R1","400","21","0.144269990107637","9396.04943291984","0.175009965896606"
"232","100","R1","400","22","0.157779360852384","9247.71442788566","0.181010007858276"
"233","100","R1","400","23","0.150802347682815","9324.32312441092","0.182011127471924"
"234","100","R1","400","24","0.155275474646919","9275.20749028732","0.177010059356689"
"235","100","R1","400","25","0.137703001496708","9468.15599562116","0.17700982093811"
"236","100","R1","400","26","0.132043332018766","9530.30005224414","0.176009893417358"
"237","100","R1","400","27","0.166502786121755","9151.92985318586","0.176009893417358"
"238","100","R1","400","28","0.170781447260181","9104.94948426269","0.187010049819946"
"239","100","R1","400","29","0.0971299683598794","9913.65424926437","0.176010131835938"
"240","100","R1","400","30","0.151880643720132","9312.48326516462","0.181010007858276"
"241","200","R1","400","1","0.143747100548355","9401.79084211453","0.181010007858276"
"242","200","R1","400","2","0.160290977075406","9220.13648868144","0.181010961532593"
"243","200","R1","400","3","0.137921451820902","9465.75737687338","0.179010152816772"
"244","200","R1","400","4","0.171856791690109","9093.14203412748","0.182011127471924"
"245","200","R1","400","5","0.109743634932392","9775.1542162217","0.17700982093811"
"246","200","R1","400","6","0.130119438285782","9551.42470652742","0.190011024475098"
"247","200","R1","400","7","0.1245963605778","9612.06896413921","0.183010101318359"
"248","200","R1","400","8","0.143111934992943","9408.76505931826","0.205010890960693"
"249","200","R1","400","9","0.170715856771366","9105.66967809499","0.181010961532593"
"250","200","R1","400","10","0.168073361131485","9134.68469377934","0.18300986289978"
"251","200","R1","400","11","0.165053279767113","9167.8456598119","0.182011127471924"
"252","200","R1","400","12","0.162324497486969","9197.80811631046","0.188010931015015"
"253","200","R1","400","13","0.157335868623058","9252.58404197152","0.174010038375854"
"254","200","R1","400","14","0.157517900616741","9250.58530219232","0.172008991241455"
"255","200","R1","400","15","0.158727913057847","9237.29917621842","0.17101001739502"
"256","200","R1","400","16","0.12463948351877","9611.59546749849","0.178010940551758"
"257","200","R1","400","17","0.16828623923926","9132.34725883992","0.176010131835938"
"258","200","R1","400","18","0.18013497788907","9002.24625410203","0.174009799957275"
"259","200","R1","400","19","0.151076851572666","9321.30902873967","0.177010059356689"
"260","200","R1","400","20","0.120194748240193","9660.39935647161","0.181010007858276"
"261","200","R1","400","21","0.169814650304408","9115.5650661437","0.194010972976685"
"262","200","R1","400","22","0.144847757892304","9389.70545222181","0.178009986877441"
"263","200","R1","400","23","0.15420415407902","9286.97075778772","0.179010152816772"
"264","200","R1","400","24","0.143866381540542","9400.48111815249","0.181011199951172"
"265","200","R1","400","25","0.180004980196391","9003.67364911266","0.186011075973511"
"266","200","R1","400","26","0.176571612046246","9041.37256873363","0.18300986289978"
"267","200","R1","400","27","0.152604023935537","9304.54043718832","0.183010816574097"
"268","200","R1","400","28","0.174317552467315","9066.12249567734","0.199011087417603"
"269","200","R1","400","29","0.15154321177281","9316.18832075533","0.181010961532593"
"270","200","R1","400","30","0.145326765577734","9384.44587286965","0.182009935379028"
"271","400","R1","400","1","0.114045508787891","9727.91896803222","0.183011054992676"
"272","400","R1","400","2","0.147994220831786","9355.15679671546","0.195011138916016"
"273","400","R1","400","3","0.164117258964583","9178.12331471374","0.213011980056763"
"274","400","R1","400","4","0.149091702243147","9343.1062790596","0.190011024475098"
"275","400","R1","400","5","0.175452462356377","9053.66100747865","0.186010837554932"
"276","400","R1","400","6","0.135901506996906","9487.93668716826","0.180011034011841"
"277","400","R1","400","7","0.138583728419054","9458.48547617741","0.203011035919189"
"278","400","R1","400","8","0.130457875465412","9547.70861332865","0.177010059356689"
"279","400","R1","400","9","0.153874835343279","9290.58672904553","0.173008918762207"
"280","400","R1","400","10","0.12975739558547","9555.39999203761","0.179010152816772"
"281","400","R1","400","11","0.142717455666508","9413.09650405971","0.198010921478271"
"282","400","R1","400","12","0.172544924397506","9085.58622930543","0.18501091003418"
"283","400","R1","400","13","0.0987559165388561","9895.80108379347","0.180010080337524"
"284","400","R1","400","14","0.18587500712357","8939.2198347755","0.186011075973511"
"285","400","R1","400","15","0.106077877187219","9815.40480996574","0.18501091003418"
"286","400","R1","400","16","0.15663494198142","9260.28032619381","0.184009790420532"
"287","400","R1","400","17","0.11983642308917","9664.3338227088","0.206011056900024"
"288","400","R1","400","18","0.167039089344664","9146.04115986526","0.201011896133423"
"289","400","R1","400","19","0.16080790099766","9214.46058311495","0.201011180877686"
"290","400","R1","400","20","0.110413393006774","9767.80016774585","0.223012208938599"
"291","400","R1","400","21","0.12441459491269","9614.06477958899","0.230014085769653"
"292","400","R1","400","22","0.140982081200765","9432.15118728485","0.200011014938354"
"293","400","R1","400","23","0.140323266232809","9439.38507873952","0.193011045455933"
"294","400","R1","400","24","0.142498769534829","9415.49771201058","0.181011199951172"
"295","400","R1","400","25","0.137483585920051","9470.56521299205","0.182009935379028"
"296","400","R1","400","26","0.152721623346805","9303.24917724793","0.213012933731079"
"297","400","R1","400","27","0.127082096938051","9584.77518987849","0.176009893417358"
"298","400","R1","400","28","0.147325499438901","9362.49946226623","0.200011014938354"
"299","400","R1","400","29","0.137078818336532","9475.00962440643","0.175009965896606"
"300","400","R1","400","30","0.129877640358896","9554.07968560672","0.186010122299194"
"301","800","R1","400","1","0.142655686248475","9413.77474193681","0.176009893417358"
"302","800","R1","400","2","0.145073635815076","9387.2252772792","0.203011989593506"
"303","800","R1","400","3","0.181825143007962","8983.6879765807","0.175009965896606"
"304","800","R1","400","4","0.180673076526781","8996.33784684592","0.173009872436523"
"305","800","R1","400","5","0.150408632264239","9328.64618132452","0.175009965896606"
"306","800","R1","400","6","0.14595733448174","9377.52212761775","0.175009965896606"
"307","800","R1","400","7","0.172653804339417","9084.39071050322","0.180010080337524"
"308","800","R1","400","8","0.159624397994838","9227.45563130768","0.18300986289978"
"309","800","R1","400","9","0.122080211928455","9639.6966700938","0.183011054992676"
"310","800","R1","400","10","0.148635932833355","9348.11069850838","0.181010007858276"
"311","800","R1","400","11","0.181801778798998","8983.9445192517","0.180010080337524"
"312","800","R1","400","12","0.160905488110312","9213.38906134535","0.181010007858276"
"313","800","R1","400","13","0.0954262745534948","9932.36107389164","0.179009914398193"
"314","800","R1","400","14","0.157868561402072","9246.73499188993","0.183010101318359"
"315","800","R1","400","15","0.148590301140444","9348.61174163804","0.184010028839111"
"316","800","R1","400","16","0.164153923040326","9177.72073742404","0.184010982513428"
"317","800","R1","400","17","0.165735939090839","9160.34995359917","0.179009914398193"
"318","800","R1","400","18","0.176979102564399","9036.89825907082","0.200011968612671"
"319","800","R1","400","19","0.174649077533532","9062.48229856562","0.19701099395752"
"320","800","R1","400","20","0.106902957126958","9806.34530309993","0.194010972976685"
"321","800","R1","400","21","0.144117465678469","9397.72417502263","0.189011096954346"
"322","800","R1","400","22","0.133715168003584","9511.94303148352","0.194010972976685"
"323","800","R1","400","23","0.150889975338282","9323.3609590399","0.192009925842285"
"324","800","R1","400","24","0.135862821150194","9488.3614638196","0.192011117935181"
"325","800","R1","400","25","0.187928616966145","8916.67087730796","0.182010173797607"
"326","800","R1","400","26","0.149343912522971","9340.33697071546","0.189011096954346"
"327","800","R1","400","27","0.173776399917495","9072.06443536636","0.199012041091919"
"328","800","R1","400","28","0.145596308756582","9381.48624658159","0.18900990486145"
"329","800","R1","400","29","0.135241184371228","9495.18713294067","0.179009914398193"
"330","800","R1","400","30","0.113806825433447","9730.53974861868","0.181010007858276"
"331","1600","R1","400","1","0.144303552729811","9395.68091007571","0.196012020111084"
"332","1600","R1","400","2","0.151540340442265","9316.21984841408","0.179010152816772"
"333","1600","R1","400","3","0.146532428094001","9371.20750975126","0.183011054992676"
"334","1600","R1","400","4","0.154628534656405","9282.31099263121","0.196010828018188"
"335","1600","R1","400","5","0.158513782635731","9239.6503617653","0.187011003494263"
"336","1600","R1","400","6","0.148089025776399","9354.11582358635","0.179010152816772"
"337","1600","R1","400","7","0.176322594212329","9044.10682352207","0.182011127471924"
"338","1600","R1","400","8","0.155348787709631","9274.40250138503","0.214012145996094"
"339","1600","R1","400","9","0.132620046462629","9523.96763739299","0.181010007858276"
"340","1600","R1","400","10","0.126692454788385","9589.05352166198","0.181010961532593"
"341","1600","R1","400","11","0.166406285383898","9152.98944639018","0.182010173797607"
"342","1600","R1","400","12","0.129797641943135","9554.95808073177","0.178010225296021"
"343","1600","R1","400","13","0.13638398558312","9482.63899678229","0.196011066436768"
"344","1600","R1","400","14","0.148811737204856","9346.18033899539","0.194011211395264"
"345","1600","R1","400","15","0.180672845469161","8996.34038389475","0.19401216506958"
"346","1600","R1","400","16","0.153399466804266","9295.80635000049","0.179009914398193"
"347","1600","R1","400","17","0.16381409419053","9181.45211137903","0.18501091003418"
"348","1600","R1","400","18","0.12975739558547","9555.39999203761","0.190011024475098"
"349","1600","R1","400","19","0.149178896922815","9342.1488678306","0.175009965896606"
"350","1600","R1","400","20","0.159512919749047","9228.67967989315","0.176010131835938"
"351","1600","R1","400","21","0.147740934168151","9357.93792392229","0.186011075973511"
"352","1600","R1","400","22","0.164738175656809","9171.30555225777","0.194010972976685"
"353","1600","R1","400","23","0.175992264149536","9047.73389930918","0.172008991241455"
"354","1600","R1","400","24","0.135580529768908","9491.46106736557","0.173008918762207"
"355","1600","R1","400","25","0.141605409444396","9425.30694561706","0.178009986877441"
"356","1600","R1","400","26","0.150445338164258","9328.24314479773","0.176009893417358"
"357","1600","R1","400","27","0.132445376848598","9525.88553709137","0.17700982093811"
"358","1600","R1","400","28","0.149343073528783","9340.34618300294","0.176009893417358"
"359","1600","R1","400","29","0.176079834846652","9046.77235934976","0.182011127471924"
"360","1600","R1","400","30","0.117046690629148","9694.9655217213","0.33401894569397"
"361","50","R1","800","1","0.120663563781202","9655.2516884603","0.325017929077148"
"362","50","R1","800","2","0.118845660166411","9675.21255465805","0.323019027709961"
"363","50","R1","800","3","0.125345028614705","9603.84847192521","0.325018882751465"
"364","50","R1","800","4","0.131948307654286","9531.34343463773","0.364021062850952"
"365","50","R1","800","5","0.0836498849488294","10061.667674791","0.334019184112549"
"366","50","R1","800","6","0.135271688103875","9494.85219718228","0.352020025253296"
"367","50","R1","800","7","0.156924112478713","9257.10518887749","0.326019048690796"
"368","50","R1","800","8","0.158294372662065","9242.05951761448","0.322017908096313"
"369","50","R1","800","9","0.13051133956421","9547.12156915656","0.348020076751709"
"370","50","R1","800","10","0.152557622193119","9305.04993558208","0.322019100189209"
"371","50","R1","800","11","0.181805095864988","8983.908097348","0.327018976211548"
"372","50","R1","800","12","0.107616382930348","9798.51177612544","0.323018074035645"
"373","50","R1","800","13","0.12802892793922","9574.37883730378","0.341020107269287"
"374","50","R1","800","14","0.144822883381178","9389.97857824691","0.325017929077148"
"375","50","R1","800","15","0.155776039157429","9269.71121362209","0.329018115997314"
"376","50","R1","800","16","0.160278545284405","9220.27299169223","0.328017950057983"
"377","50","R1","800","17","0.134533503473503","9502.95757995186","0.374022006988525"
"378","50","R1","800","18","0.13244648614632","9525.87335682877","0.3280189037323"
"379","50","R1","800","19","0.16283310036079","9192.22357715803","0.34801983833313"
"380","50","R1","800","20","0.133627894593698","9512.90130718261","0.336019039154053"
"381","50","R1","800","21","0.165109314728247","9167.23038716901","0.336019039154053"
"382","50","R1","800","22","0.145991083223914","9377.1515611469","0.330018997192383"
"383","50","R1","800","23","0.163742933919313","9182.23346229379","0.321019172668457"
"384","50","R1","800","24","0.132910914340275","9520.77386257475","0.327018022537231"
"385","50","R1","800","25","0.140686434319384","9435.39743631204","0.321019172668457"
"386","50","R1","800","26","0.153838514823324","9290.9855340389","0.331018924713135"
"387","50","R1","800","27","0.144769005781217","9390.57016272648","0.338018894195557"
"388","50","R1","800","28","0.156573076112654","9260.95962311505","0.353019952774048"
"389","50","R1","800","29","0.141083710854249","9431.03527778425","0.338018894195557"
"390","50","R1","800","30","0.126802737715013","9587.84259786801","0.332019090652466"
"391","100","R1","800","1","0.124740932897942","9610.48153743805","0.323019027709961"
"392","100","R1","800","2","0.142487082146693","9415.62604136143","0.34601902961731"
"393","100","R1","800","3","0.157598947488684","9249.69539485431","0.319018125534058"
"394","100","R1","800","4","0.122371186641272","9636.50172220865","0.344020128250122"
"395","100","R1","800","5","0.151636498654913","9315.16401619016","0.322018146514893"
"396","100","R1","800","6","0.130978128940915","9541.99614874641","0.352020025253296"
"397","100","R1","800","7","0.10815351584985","9792.6139726064","0.323019027709961"
"398","100","R1","800","8","0.133481439331563","9514.50940888154","0.322018146514893"
"399","100","R1","800","9","0.159399717099622","9229.92266270039","0.348020076751709"
"400","100","R1","800","10","0.173842304652436","9071.34079106241","0.345018863677979"
"401","100","R1","800","11","0.155930051312732","9268.0201360535","0.3890221118927"
"402","100","R1","800","12","0.169423129944908","9119.86402096511","0.353019952774048"
"403","100","R1","800","13","0.160280609112082","9220.25033054135","0.356020927429199"
"404","100","R1","800","14","0.0973648185911783","9911.07555696995","0.336018800735474"
"405","100","R1","800","15","0.144836344660946","9389.83077128832","0.369020938873291"
"406","100","R1","800","16","0.138757544557965","9456.57694776943","0.350019931793213"
"407","100","R1","800","17","0.135406744621064","9493.36925548679","0.337019920349121"
"408","100","R1","800","18","0.107699512245455","9797.59900323557","0.332019090652466"
"409","100","R1","800","19","0.133637119596201","9512.80001521138","0.37702202796936"
"410","100","R1","800","20","0.105592419580182","9820.73521046657","0.336019039154053"
"411","100","R1","800","21","0.0951336813853077","9935.57379267004","0.34001898765564"
"412","100","R1","800","22","0.119127492185488","9672.11799498103","0.345019102096558"
"413","100","R1","800","23","0.136538358513858","9480.94395784296","0.358021020889282"
"414","100","R1","800","24","0.111862187264789","9751.89218005222","0.380022048950195"
"415","100","R1","800","25","0.139673150595516","9446.52345018204","0.343019008636475"
"416","100","R1","800","26","0.141619146171016","9425.15611420892","0.36001992225647"
"417","100","R1","800","27","0.0728112287296225","10180.67781636","0.343019962310791"
"418","100","R1","800","28","0.12030950402504","9659.13931999436","0.353019952774048"
"419","100","R1","800","29","0.12233383633161","9636.91183445418","0.343019962310791"
"420","100","R1","800","30","0.154846023396253","9279.92293223004","0.364021062850952"
"421","200","R1","800","1","0.137306236286759","9472.51253972134","0.348020076751709"
"422","200","R1","800","2","0.155134499162899","9276.75542316495","0.372021198272705"
"423","200","R1","800","3","0.172007078610955","9091.49186021623","0.349020004272461"
"424","200","R1","800","4","0.135207952923793","9495.55201943433","0.361020088195801"
"425","200","R1","800","5","0.154086162154667","9288.26632758321","0.358020782470703"
"426","200","R1","800","6","0.134169848779685","9506.95056540302","0.350019931793213"
"427","200","R1","800","7","0.163276873376911","9187.35087998923","0.350019931793213"
"428","200","R1","800","8","0.11068401659833","9764.82867835716","0.350019931793213"
"429","200","R1","800","9","0.127263527889896","9582.78304963275","0.353019952774048"
"430","200","R1","800","10","0.1330305658405","9519.46007037646","0.340019941329956"
"431","200","R1","800","11","0.139059942055177","9453.25657592392","0.428025007247925"
"432","200","R1","800","12","0.153928452312699","9289.99800633008","0.4170241355896"
"433","200","R1","800","13","0.171727494198892","9094.56174081648","0.40302300453186"
"434","200","R1","800","14","0.147630943809525","9359.14563527382","0.330018997192383"
"435","200","R1","800","15","0.102968719257624","9849.54385062518","0.355019807815552"
"436","200","R1","800","16","0.138644015934627","9457.82350982125","0.364021062850952"
"437","200","R1","800","17","0.156110808386275","9266.03539509698","0.376021862030029"
"438","200","R1","800","18","0.131394073498052","9537.42901241248","0.371021032333374"
"439","200","R1","800","19","0.13032956500841","9549.11748222751","0.333019018173218"
"440","200","R1","800","20","0.1521066790935","9310.00136138984","0.339019060134888"
"441","200","R1","800","21","0.131703860872581","9534.0274985575","0.324018955230713"
"442","200","R1","800","22","0.130658091361009","9545.51021146061","0.345020055770874"
"443","200","R1","800","23","0.126769350718072","9588.20919231957","0.329018115997314"
"444","200","R1","800","24","0.137759932726021","9467.53088181339","0.363019943237305"
"445","200","R1","800","25","0.1428897194451","9411.20502081097","0.33401894569397"
"446","200","R1","800","26","0.151252368821827","9319.38182187491","0.36802077293396"
"447","200","R1","800","27","0.144340031443437","9395.28036809108","0.359020948410034"
"448","200","R1","800","28","0.111850033483875","9752.02563046876","0.338018894195557"
"449","200","R1","800","29","0.124585497121935","9612.18824658477","0.348020076751709"
"450","200","R1","800","30","0.130644051706088","9545.66436906889","0.344020128250122"
"451","400","R1","800","1","0.155402382028521","9273.81402737596","0.367021083831787"
"452","400","R1","800","2","0.133368120599897","9515.75366628995","0.327018976211548"
"453","400","R1","800","3","0.151199579409374","9319.96145788534","0.344020128250122"
"454","400","R1","800","4","0.150368833883839","9329.08317376987","0.323018074035645"
"455","400","R1","800","5","0.121159131014127","9649.81028268503","0.335018873214722"
"456","400","R1","800","6","0.141510927179556","9426.34437567175","0.321017980575562"
"457","400","R1","800","7","0.156771492629183","9258.78097871079","0.348020076751709"
"458","400","R1","800","8","0.165844986349609","9159.15259763165","0.343019008636475"
"459","400","R1","800","9","0.147017537622852","9365.88093120338","0.329018115997314"
"460","400","R1","800","10","0.156248771528243","9264.52053820652","0.370022058486938"
"461","400","R1","800","11","0.122806626633575","9631.72052294551","0.329018831253052"
"462","400","R1","800","12","0.143989461090695","9399.12968542949","0.355020046234131"
"463","400","R1","800","13","0.10984977156529","9773.98881938179","0.346019983291626"
"464","400","R1","800","14","0.107546738788731","9799.27647969991","0.339019060134888"
"465","400","R1","800","15","0.163128457628953","9188.98050812931","0.343019008636475"
"466","400","R1","800","16","0.10691247965894","9806.24074420847","0.344019889831543"
"467","400","R1","800","17","0.141430393987396","9427.22864272536","0.326018810272217"
"468","400","R1","800","18","0.134733881355328","9500.75739944968","0.327018022537231"
"469","400","R1","800","19","0.137527680948256","9470.08104268136","0.331019163131714"
"470","400","R1","800","20","0.151713108925692","9314.32282342728","0.346019983291626"
"471","400","R1","800","21","0.16581519840913","9159.47967388002","0.331019163131714"
"472","400","R1","800","22","0.15178507908065","9313.53257986229","0.3630211353302"
"473","400","R1","800","23","0.121249962573971","9648.81293794253","0.345020055770874"
"474","400","R1","800","24","0.111036758139935","9760.95552102524","0.343019962310791"
"475","400","R1","800","25","0.121732893446585","9643.51028138111","0.379021883010864"
"476","400","R1","800","26","0.136475247864315","9481.63692265194","0.349020004272461"
"477","400","R1","800","27","0.144008969951491","9398.91547508475","0.347019910812378"
"478","400","R1","800","28","0.145768825083841","9379.59199030897","0.333019018173218"
"479","400","R1","800","29","0.128683717416223","9567.18914636978","0.353020191192627"
"480","400","R1","800","30","0.140840258348471","9433.70842439874","0.347020149230957"
"481","800","R1","800","1","0.132528520246413","9524.97260957117","0.351019859313965"
"482","800","R1","800","2","0.121889789886504","9641.78753391604","0.339019060134888"
"483","800","R1","800","3","0.146647106579018","9369.94832203824","0.3280189037323"
"484","800","R1","800","4","0.134080407377767","9507.93264599393","0.359020948410034"
"485","800","R1","800","5","0.123357759271669","9625.66900032533","0.337018966674805"
"486","800","R1","800","6","0.157688318241705","9248.71408999935","0.351019859313965"
"487","800","R1","800","7","0.150791541555459","9324.44177738047","0.337019920349121"
"488","800","R1","800","8","0.150833152061069","9323.98488751671","0.383021831512451"
"489","800","R1","800","9","0.15980389474567","9225.48472889177","0.345019102096558"
"490","800","R1","800","10","0.134229872166978","9506.2914992167","0.342019081115723"
"491","800","R1","800","11","0.139815380090184","9444.96174807124","0.352019786834717"
"492","800","R1","800","12","0.137139326560865","9474.34523463353","0.348019123077393"
"493","800","R1","800","13","0.136355786359734","9482.94862866833","0.330018043518066"
"494","800","R1","800","14","0.152509434804175","9305.57904065416","0.369020938873291"
"495","800","R1","800","15","0.133600602663725","9513.20097684498","0.338020086288452"
"496","800","R1","800","16","0.116182514388956","9704.45431208477","0.335019111633301"
"497","800","R1","800","17","0.152789336051921","9302.50568114852","0.345019817352295"
"498","800","R1","800","18","0.160352050554195","9219.46589232615","0.32001805305481"
"499","800","R1","800","19","0.144001528822514","9398.99717984548","0.365020990371704"
"500","800","R1","800","20","0.153326550638234","9296.60698091511","0.344019889831543"
"501","800","R1","800","21","0.14993206276247","9333.87898903849","0.349020004272461"
"502","800","R1","800","22","0.160332776494953","9219.67752451307","0.315017938613892"
"503","800","R1","800","23","0.0893048684652925","9999.57507075844","0.343019962310791"
"504","800","R1","800","24","0.136418117600948","9482.26422188477","0.330018997192383"
"505","800","R1","800","25","0.124792513647876","9609.91517273124","0.339019060134888"
"506","800","R1","800","26","0.136348372365525","9483.03003548506","0.330018997192383"
"507","800","R1","800","27","0.149909329986985","9334.12859847107","0.360020160675049"
"508","800","R1","800","28","0.120243943254403","9659.85918751642","0.365020990371704"
"509","800","R1","800","29","0.132353461405542","9526.89478304117","0.332019090652466"
"510","800","R1","800","30","0.165045809905903","9167.92768005704","0.344018936157227"
"511","1600","R1","800","1","0.134746152395785","9500.62266150501","0.331019163131714"
"512","1600","R1","800","2","0.117153497843679","9693.7927617901","0.359020948410034"
"513","1600","R1","800","3","0.124828464487432","9609.5204268865","0.315018177032471"
"514","1600","R1","800","4","0.159364766387497","9230.30642698942","0.324019193649292"
"515","1600","R1","800","5","0.11647981103364","9701.18994839833","0.323018074035645"
"516","1600","R1","800","6","0.151549677059158","9316.11733089939","0.336019992828369"
"517","1600","R1","800","7","0.170286823890653","9110.38052627015","0.329019069671631"
"518","1600","R1","800","8","0.145675963896696","9380.61162067687","0.336019039154053"
"519","1600","R1","800","9","0.14303576356302","9409.60143353987","0.367020845413208"
"520","1600","R1","800","10","0.140211237983506","9440.61516644963","0.323019027709961"
"521","1600","R1","800","11","0.132778338668703","9522.2295641971","0.335018873214722"
"522","1600","R1","800","12","0.117840670180479","9686.24750198752","0.3280189037323"
"523","1600","R1","800","13","0.127176949039637","9583.73369895844","0.364020824432373"
"524","1600","R1","800","14","0.132738639881847","9522.66546308975","0.329019069671631"
"525","1600","R1","800","15","0.108106305409191","9793.13235063341","0.341018915176392"
"526","1600","R1","800","16","0.140817058279974","9433.96316478172","0.338019847869873"
"527","1600","R1","800","17","0.164700414844475","9171.72017188688","0.356019973754883"
"528","1600","R1","800","18","0.12598556152332","9596.81532034331","0.344019889831543"
"529","1600","R1","800","19","0.128764275897908","9566.30460163323","0.370021104812622"
"530","1600","R1","800","20","0.131723988011836","9533.80649941852","0.328017950057983"
"531","1600","R1","800","21","0.123876130865425","9619.97719909919","0.331019163131714"
"532","1600","R1","800","22","0.158507235710887","9239.7222480247","0.36601996421814"
"533","1600","R1","800","23","0.140703776133244","9435.20702048181","0.339019060134888"
"534","1600","R1","800","24","0.140035534560717","9442.54441752995","0.376022100448608"
"535","1600","R1","800","25","0.135591600253722","9491.33951170974","0.351020097732544"
"536","1600","R1","800","26","0.137573524809046","9469.57766991518","0.335018873214722"
"537","1600","R1","800","27","0.107846789064566","9795.98188071247","0.335018873214722"
"538","1600","R1","800","28","0.155764541365871","9269.83746117283","0.532031059265137"
"539","1600","R1","800","29","0.143200672869106","9407.79070355025","0.343019962310791"
"540","1600","R1","800","30","0.141894851827193","9422.12882295534","0.331018924713135"
"541","50","R1","1600","1","0.144297634534299","9395.74589278865","0.628036022186279"
"542","50","R1","1600","2","0.0975169277844","9909.40537422283","0.617035865783691"
"543","50","R1","1600","3","0.132524394065314","9525.0179156854","0.609035015106201"
"544","50","R1","1600","4","0.136079867054594","9485.97826582096","0.603034973144531"
"545","50","R1","1600","5","0.141457063209974","9426.93581048764","0.60003399848938"
"546","50","R1","1600","6","0.111432067383496","9756.61496366386","0.63403582572937"
"547","50","R1","1600","7","0.13482230935889","9499.78644613133","0.59403395652771"
"548","50","R1","1600","8","0.132305474395642","9527.42168791998","0.588032960891724"
"549","50","R1","1600","9","0.141816092243069","9422.99361551514","0.611034870147705"
"550","50","R1","1600","10","0.151020807469748","9321.92440176078","0.596034049987793"
"551","50","R1","1600","11","0.0934897867402624","9953.62401314706","0.603034973144531"
"552","50","R1","1600","12","0.12958599546312","9557.28199220564","0.657037973403931"
"553","50","R1","1600","13","0.145687583587968","9380.48403464819","0.596033811569214"
"554","50","R1","1600","14","0.104163830265553","9836.42134471968","0.610034942626953"
"555","50","R1","1600","15","0.114035247694206","9728.03163644678","0.604033946990967"
"556","50","R1","1600","16","0.109942836851592","9772.96694797319","0.650037050247192"
"557","50","R1","1600","17","0.104067431613993","9837.47981700049","0.616034984588623"
"558","50","R1","1600","18","0.126177085351611","9594.71235873462","0.611034870147705"
"559","50","R1","1600","19","0.1355969886367","9491.28034642135","0.627036094665527"
"560","50","R1","1600","20","0.142400604393952","9416.57558062054","0.622035980224609"
"561","50","R1","1600","21","0.108167536531811","9792.46002332419","0.590034008026123"
"562","50","R1","1600","22","0.137839467735165","9466.65757496553","0.606034994125366"
"563","50","R1","1600","23","0.140900966065557","9433.0418441642","0.632035970687866"
"564","50","R1","1600","24","0.132181759983949","9528.78009152203","0.617034912109375"
"565","50","R1","1600","25","0.139221552529478","9451.48206762357","0.639036893844604"
"566","50","R1","1600","26","0.158728498199167","9237.29275127514","0.59403395652771"
"567","50","R1","1600","27","0.150585646970805","9326.7025321431","0.618035078048706"
"568","50","R1","1600","28","0.137306952782206","9472.5046724892","0.643035888671875"
"569","50","R1","1600","29","0.143055633469357","9409.3832588586","0.639035940170288"
"570","50","R1","1600","30","0.145832629240268","9378.89141068586","0.652036905288696"
"571","100","R1","1600","1","0.156490705192694","9261.86406870751","0.614035129547119"
"572","100","R1","1600","2","0.133685795529651","9512.26554584418","0.609034061431885"
"573","100","R1","1600","3","0.129468831689302","9558.56846877864","0.646037101745605"
"574","100","R1","1600","4","0.0931106919284468","9957.78653351027","0.654036998748779"
"575","100","R1","1600","5","0.147826528896979","9356.99808040392","0.59403395652771"
"576","100","R1","1600","6","0.143506831508365","9404.42903377645","0.606034994125366"
"577","100","R1","1600","7","0.121112393935499","9650.32346312286","0.587033987045288"
"578","100","R1","1600","8","0.152898483831674","9301.30722144488","0.62003493309021"
"579","100","R1","1600","9","0.0975417430296706","9909.1328989461","0.633037090301514"
"580","100","R1","1600","10","0.10890249520813","9784.39006203498","0.623034954071045"
"581","100","R1","1600","11","0.153700116187405","9292.50517272109","0.653038024902344"
"582","100","R1","1600","12","0.114085737809599","9727.47724707791","0.659038066864014"
"583","100","R1","1600","13","0.146565548546337","9370.84384200116","0.627035856246948"
"584","100","R1","1600","14","0.119431303798158","9668.78209592649","0.608033895492554"
"585","100","R1","1600","15","0.114104663239576","9727.26944289487","0.628035068511963"
"586","100","R1","1600","16","0.139368227081593","9449.87155808634","0.623035192489624"
"587","100","R1","1600","17","0.147769951052821","9357.61931398738","0.617035865783691"
"588","100","R1","1600","18","0.127791680504045","9576.98385127193","0.643036842346191"
"589","100","R1","1600","19","0.132402417107794","9526.35724176872","0.800045967102051"
"590","100","R1","1600","20","0.124233140868414","9616.05717339323","0.72904109954834"
"591","100","R1","1600","21","0.140094869055123","9441.89291549536","0.660037040710449"
"592","100","R1","1600","22","0.0969621916971001","9915.49646327924","0.645036935806274"
"593","100","R1","1600","23","0.133486528622782","9514.45352766747","0.674039125442505"
"594","100","R1","1600","24","0.152012559707758","9311.03480697524","0.740043163299561"
"595","100","R1","1600","25","0.0900336798450954","9991.57260774704","0.72304105758667"
"596","100","R1","1600","26","0.160096572850999","9222.27107749027","0.722040891647339"
"597","100","R1","1600","27","0.119693799349829","9665.8998536878","0.726042032241821"
"598","100","R1","1600","28","0.150124676030633","9331.76406520951","0.846047878265381"
"599","100","R1","1600","29","0.125417699976684","9603.0505289974","0.722040891647339"
"600","100","R1","1600","30","0.126033022044187","9596.29419639648","0.645036935806274"
"601","200","R1","1600","1","0.114361935411689","9724.44455418121","0.816046953201294"
"602","200","R1","1600","2","0.146630990486808","9370.12527925293","0.702039957046509"
"603","200","R1","1600","3","0.154000876469915","9289.20277774925","0.6910400390625"
"604","200","R1","1600","4","0.110136965541469","9770.83538457663","0.630036115646362"
"605","200","R1","1600","5","0.128335669773634","9571.0107639559","0.607035160064697"
"606","200","R1","1600","6","0.140466833781222","9437.8086845892","0.638036012649536"
"607","200","R1","1600","7","0.120635254361014","9655.56253032448","0.635036945343018"
"608","200","R1","1600","8","0.147693035228533","9358.46386177562","0.616034984588623"
"609","200","R1","1600","9","0.150922005762888","9323.00925996487","0.657037973403931"
"610","200","R1","1600","10","0.144039677683322","9398.5782993834","0.617034912109375"
"611","200","R1","1600","11","0.104666060887501","9830.9067738901","0.593033790588379"
"612","200","R1","1600","12","0.14206066032308","9420.30821972098","0.652036905288696"
"613","200","R1","1600","13","0.146888272456535","9367.30028295993","0.617034912109375"
"614","200","R1","1600","14","0.134619011297004","9502.01869066758","0.620035886764526"
"615","200","R1","1600","15","0.124742269381303","9610.46686264159","0.6560378074646"
"616","200","R1","1600","16","0.112481782905729","9745.08892294613","0.634036064147949"
"617","200","R1","1600","17","0.120008890887567","9662.44009929068","0.659038066864014"
"618","200","R1","1600","18","0.162917511494148","9191.29672970317","0.644037008285522"
"619","200","R1","1600","19","0.108359514911232","9790.35207067296","0.626035928726196"
"620","200","R1","1600","20","0.129462020640931","9558.6432551557","0.666038036346436"
"621","200","R1","1600","21","0.101497750410459","9865.69531877808","0.637036085128784"
"622","200","R1","1600","22","0.127830465958954","9576.55798090699","0.690038919448853"
"623","200","R1","1600","23","0.147149063686322","9364.43675444226","0.824046850204468"
"624","200","R1","1600","24","0.0615402905394274","10304.4344816238","0.784044027328491"
"625","200","R1","1600","25","0.13320028312891","9517.59654798845","0.836046934127808"
"626","200","R1","1600","26","0.129663894705781","9556.42664632975","0.750042915344238"
"627","200","R1","1600","27","0.148110864076827","9353.87603562988","0.669038057327271"
"628","200","R1","1600","28","0.14188250655065","9422.26437602386","0.666038036346436"
"629","200","R1","1600","29","0.125545411317547","9601.64823848751","0.771044015884399"
"630","200","R1","1600","30","0.146443387952909","9372.1851844355","0.674037933349609"
"631","400","R1","1600","1","0.119625373696037","9666.65117807526","0.703041076660156"
"632","400","R1","1600","2","0.124106188501205","9617.45113025362","0.630036115646362"
"633","400","R1","1600","3","0.110781006423036","9763.76371490269","0.619035005569458"
"634","400","R1","1600","4","0.13946319507171","9448.82879469209","0.836047172546387"
"635","400","R1","1600","5","0.127088220181532","9584.70795570677","0.649037837982178"
"636","400","R1","1600","6","0.145030268040831","9387.7014622276","0.610034942626953"
"637","400","R1","1600","7","0.159975870282965","9223.59641057759","0.622035026550293"
"638","400","R1","1600","8","0.167456558418435","9141.4572841001","0.640036821365356"
"639","400","R1","1600","9","0.144453461604454","9394.03488717095","0.607035160064697"
"640","400","R1","1600","10","0.131450724454465","9536.80697604502","0.613034963607788"
"641","400","R1","1600","11","0.132703269476117","9523.05383568024","0.611034870147705"
"642","400","R1","1600","12","0.138095829179128","9463.84268618949","0.627036094665527"
"643","400","R1","1600","13","0.103989432971307","9838.33625430421","0.638036966323853"
"644","400","R1","1600","14","0.12994847649242","9553.30189377456","0.621035814285278"
"645","400","R1","1600","15","0.133642095815061","9512.74537554951","0.597033977508545"
"646","400","R1","1600","16","0.156276016754423","9264.22138135911","0.59403395652771"
"647","400","R1","1600","17","0.117809332603435","9686.59159348788","0.639036893844604"
"648","400","R1","1600","18","0.157475863566433","9251.04687558363","0.630036115646362"
"649","400","R1","1600","19","0.134359650164688","9504.86651649121","0.643037080764771"
"650","400","R1","1600","20","0.124769275878227","9610.17032707876","0.610034942626953"
"651","400","R1","1600","21","0.122630940198005","9633.64958750352","0.627036094665527"
"652","400","R1","1600","22","0.100873255522742","9872.55237038053","0.659037828445435"
"653","400","R1","1600","23","0.0787327105739176","10115.65901898","0.632035970687866"
"654","400","R1","1600","24","0.13024085283889","9550.09155573255","0.653036832809448"
"655","400","R1","1600","25","0.151469165847371","9317.00135660506","0.634037017822266"
"656","400","R1","1600","26","0.132892587859555","9520.9750902012","0.686038970947266"
"657","400","R1","1600","27","0.145148354067543","9386.40485917349","0.633035898208618"
"658","400","R1","1600","28","0.127025544320682","9585.39614646786","0.647037029266357"
"659","400","R1","1600","29","0.118767783410331","9676.06765362776","0.704040050506592"
"660","400","R1","1600","30","0.12032328061823","9658.98805084506","0.670038938522339"
"661","800","R1","1600","1","0.150959548136019","9322.5970388324","0.760043144226074"
"662","800","R1","1600","2","0.142853705961719","9411.60045449472","0.673038005828857"
"663","800","R1","1600","3","0.154069748537804","9288.44655166514","0.712040901184082"
"664","800","R1","1600","4","0.142634040023896","9414.01242087038","0.662038087844849"
"665","800","R1","1600","5","0.138444506814898","9460.01415117964","0.61403489112854"
"666","800","R1","1600","6","0.116181172109845","9704.46905051948","0.740043163299561"
"667","800","R1","1600","7","0.132316753305993","9527.29784371914","0.755043029785156"
"668","800","R1","1600","8","0.131734987504987","9533.68572326227","0.710041046142578"
"669","800","R1","1600","9","0.121029286269763","9651.23599829924","0.779045104980469"
"670","800","R1","1600","10","0.145153650717599","9386.34670112693","0.680039167404175"
"671","800","R1","1600","11","0.139340574241243","9450.17519060115","0.633035898208618"
"672","800","R1","1600","12","0.0930841564231169","9958.07789751168","0.665037870407104"
"673","800","R1","1600","13","0.119952296647481","9663.06151290398","0.726042032241821"
"674","800","R1","1600","14","0.127213757301456","9583.32953848307","0.791044950485229"
"675","800","R1","1600","15","0.138667857103856","9457.56173005189","0.850047826766968"
"676","800","R1","1600","16","0.108503914298553","9788.76654280124","0.724041938781738"
"677","800","R1","1600","17","0.111526667338272","9755.57624135525","0.766044139862061"
"678","800","R1","1600","18","0.138922067742643","9454.77045745329","0.833047866821289"
"679","800","R1","1600","19","0.11504462406791","9716.94852589309","0.750042915344238"
"680","800","R1","1600","20","0.12739780533046","9581.30866232054","0.664038181304932"
"681","800","R1","1600","21","0.149665930648863","9336.80116129637","0.767044067382812"
"682","800","R1","1600","22","0.159630010694695","9227.39400298485","0.606034994125366"
"683","800","R1","1600","23","0.135101388147972","9496.72211735054","0.647037029266357"
"684","800","R1","1600","24","0.113036432345779","9738.99878529009","0.617034912109375"
"685","800","R1","1600","25","0.131611852053447","9535.03776979124","0.643035888671875"
"686","800","R1","1600","26","0.141597839618587","9425.39006348913","0.584033966064453"
"687","800","R1","1600","27","0.107702384396724","9797.56746656514","0.62003493309021"
"688","800","R1","1600","28","0.142656408389169","9413.76681271898","0.606033802032471"
"689","800","R1","1600","29","0.132693086643318","9523.16564477802","0.616036176681519"
"690","800","R1","1600","30","0.16025093563338","9220.57614998149","0.619035005569458"
"691","1600","R1","1600","1","0.132690601617084","9523.19293075498","0.610034942626953"
"692","1600","R1","1600","2","0.142038989207287","9420.54617196399","0.597033977508545"
"693","1600","R1","1600","3","0.110622584597381","9765.50321134187","0.65103816986084"
"694","1600","R1","1600","4","0.141197590787931","9429.78485828988","0.628036022186279"
"695","1600","R1","1600","5","0.121407698144161","9647.08097669576","0.619035005569458"
"696","1600","R1","1600","6","0.135815829436652","9488.87744018864","0.611035108566284"
"697","1600","R1","1600","7","0.132710137211251","9522.97842687365","0.620035886764526"
"698","1600","R1","1600","8","0.139377515389617","9449.7695710106","0.601033926010132"
"699","1600","R1","1600","9","0.136313404310164","9483.41399020552","0.602035045623779"
"700","1600","R1","1600","10","0.121814422653526","9642.61507792934","0.639036178588867"
"701","1600","R1","1600","11","0.139522162381981","9448.18132439676","0.602034091949463"
"702","1600","R1","1600","12","0.149713460777855","9336.27927304143","0.618035078048706"
"703","1600","R1","1600","13","0.134014105881217","9508.66064680243","0.618034839630127"
"704","1600","R1","1600","14","0.113697028393839","9731.74533729713","0.613034963607788"
"705","1600","R1","1600","15","0.113276733053031","9736.36024591669","0.585034132003784"
"706","1600","R1","1600","16","0.1449950547696","9388.0881094567","0.601033926010132"
"707","1600","R1","1600","17","0.144245861185769","9396.31437225819","0.617035150527954"
"708","1600","R1","1600","18","0.109280316461336","9780.24152554462","0.623034954071045"
"709","1600","R1","1600","19","0.132798965339392","9522.0030801248","0.637037038803101"
"710","1600","R1","1600","20","0.142248670447557","9418.24383913008","0.598033905029297"
"711","1600","R1","1600","21","0.16612003574924","9156.13251217766","0.619035959243774"
"712","1600","R1","1600","22","0.101446825027566","9866.25448745221","0.618034839630127"
"713","1600","R1","1600","23","0.128790901488602","9566.01224848043","0.597034931182861"
"714","1600","R1","1600","24","0.13781854939746","9466.88726158731","0.622035026550293"
"715","1600","R1","1600","25","0.136251303964728","9484.0958617173","0.609035015106201"
"716","1600","R1","1600","26","0.153883946809528","9290.48668372014","0.738043069839478"
"717","1600","R1","1600","27","0.144977076259798","9388.28551630801","0.868050098419189"
"718","1600","R1","1600","28","0.1204385572157","9657.72229576372","0.665037870407104"
"719","1600","R1","1600","29","0.116941405288589","9696.12157123811","0.810046195983887"
"720","1600","R1","1600","30","0.135493241517768","9492.41950602395","0.654038190841675"
